data,task,seed,val/loss,ckpt_path,log_name,test/recon_MSE,test/recon_RMSE,test/recon_MAE,test/recon_PCC,test/label_MSE,test/label_RMSE,test/label_MAE,test/label_PCC,test/loss,test/loss_unweighted,val/loss_unweighted,val/recon_MSE,val/recon_RMSE,val/recon_MAE,val/recon_PCC,val/label_MSE,val/label_RMSE,val/label_MAE,val/label_PCC,test/label_F1_weighted,test/label_F1_macro,test/label_F1_micro,test/label_AUROC,test/label_Accuracy,test/label_Precision,test/label_Recall,val/label_F1_weighted,val/label_F1_macro,val/label_F1_micro,val/label_AUROC,val/label_Accuracy,val/label_Precision,val/label_Recall
sc_multiome_minmi0.35_top2000,multitask,seed_46,0.262037456035614,/mnt/hdd2/homext/wuch/xn2p/run/logs_hpc/sc_multiome_minmi0.35_top2000/seed_46/multitask/DeepTAN_20250416071249_DsnH7/trial_0/best-model-epoch=0007-val_loss=0.0000.ckpt,DeepTAN_20250416071249_DsnH7,0.1435806155204773,0.3776777386665344,0.28903868794441223,0.8749086260795593,,,,,0.209903746843338,0.10187000781297684,0.11849554628133774,0.15520574152469635,0.39285221695899963,0.30559855699539185,0.8398330211639404,,,,,0.11470647901296616,0.08515574783086777,0.1701388955116272,0.7141411304473877,0.1701388955116272,0.15147991478443146,0.1701388955116272,0.0016339869471266866,0.0036297854967415333,0.013888888992369175,0.5578311085700989,0.013888888992369175,0.0008680555620230734,0.013888888992369175
sc_rna_annotated_minmi0.0_top2000,multitask,seed_46,0.3437735140323639,/mnt/hdd2/homext/wuch/xn2p/run/logs_hpc/sc_rna_annotated_minmi0.0_top2000/seed_46/multitask/DeepTAN_20250408161134_OCqkv/trial_0/best-model-epoch=0007-val_loss=0.0000.ckpt,DeepTAN_20250408161134_OCqkv,0.21083559095859528,0.45518845319747925,0.3426620662212372,0.5827724933624268,,,,,0.3460281789302826,0.18097929656505585,0.1972903311252594,0.22445259988307953,0.46941766142845154,0.35496431589126587,0.5623705983161926,,,,,0.7820422053337097,0.6583870649337769,0.8116694688796997,0.7750771045684814,0.8116694688796997,0.7962971925735474,0.8116694688796997,0.0010259918635711074,0.004787961952388287,0.00872093066573143,0.42772939801216125,0.00872093066573143,0.0005450581666082144,0.00872093066573143
