data,task,seed,val/loss,ckpt_path,log_name,test/recon_MSE,test/recon_RMSE,test/recon_MAE,test/recon_PCC,test/label_MSE,test/label_RMSE,test/label_MAE,test/label_PCC,test/loss,test/loss_unweighted,val/loss_unweighted,val/recon_MSE,val/recon_RMSE,val/recon_MAE,val/recon_PCC,val/label_MSE,val/label_RMSE,val/label_MAE,val/label_PCC,test/label_F1_weighted,test/label_F1_macro,test/label_F1_micro,test/label_AUROC,test/label_Accuracy,test/label_Precision,test/label_Recall,val/label_F1_weighted,val/label_F1_macro,val/label_F1_micro,val/label_AUROC,val/label_Accuracy,val/label_Precision,val/label_Recall
sc_multiome_minmi0.35_top2000,multitask,seed_45,0.27258366346359253,/mnt/hdd2/homext/wuch/xn2p/run/logs_hpc/sc_multiome_minmi0.35_top2000/seed_45/multitask/DeepTAN_20250413194102_FvBu8/trial_0/best-model-epoch=0007-val_loss=0.0000.ckpt,DeepTAN_20250413194102_FvBu8,0.17687183618545532,0.4177069664001465,0.3223353326320648,0.8262015581130981,,,,,0.5073056221008301,0.12078172713518143,0.1461791694164276,0.22866249084472656,0.4746602475643158,0.3658468425273895,0.8153877854347229,,,,,0.14113956689834595,0.1128973439335823,0.1788194477558136,0.7045809626579285,0.1788194477558136,0.15487352013587952,0.1788194477558136,0.007064400240778923,0.011140073649585247,0.04108796268701553,0.5038294196128845,0.04108796268701553,0.003918306436389685,0.04108796268701553
sc_rna_annotated_minmi0.0_top2000,multitask,seed_45,0.33837196230888367,/mnt/hdd2/homext/wuch/xn2p/run/logs_hpc/sc_rna_annotated_minmi0.0_top2000/seed_45/multitask/DeepTAN_20250416021802_QFmYN/trial_0/best-model-epoch=0002-val_loss=0.0000.ckpt,DeepTAN_20250416021802_QFmYN,0.227655827999115,0.4741363227367401,0.35781556367874146,0.5556674003601074,,,,,0.3499315083026886,0.1870783269405365,0.1930938959121704,0.2105569988489151,0.45651835203170776,0.3391000032424927,0.5775303244590759,,,,,0.0696784034371376,0.10418512672185898,0.1806478351354599,0.42841023206710815,0.1806478351354599,0.04466065391898155,0.1806478351354599,0.07069407403469086,0.10606047511100769,0.1875,0.45489582419395447,0.1875,0.04478561133146286,0.1875
